"Moran.s.I","p.value"
0.0189360143594179,0.208
0.00138605388457587,0.434
-0.136863185359745,0.985
-0.0034596111560541,0.444
-0.0104753468103896,0.599
0.0114306155618896,0.308
0.0245044162878295,0.211
0.0366353735000225,0.14
0.0552526729303459,0.172
0.0630619717110966,0.142
