"Moran.s.I","p.value"
0.0189360143594179,0.18
0.00138605388457587,0.426
-0.136863185359745,0.974
-0.0034596111560541,0.454
-0.0104753468103896,0.591
0.0114306155618896,0.312
0.0245044162878295,0.215
0.0366353735000225,0.16
0.0552526729303459,0.17
0.0630619717110966,0.126
