"Moran.s.I","p.value"
0.10362872609515,0.067
0.0480985109079735,0.218
-0.0757164056672257,0.856
0.0693975499751262,0.117
-0.0578345068938846,0.745
-0.142184502030008,0.966
-0.0409987771733398,0.663
0.00232783729248553,0.429
0.0635829142419334,0.135
0.0143517805218007,0.363
