"Moran.s.I","p.value"
0.10362872609515,0.061
0.0480985109079735,0.211
-0.0757164056672257,0.82
0.0693975499751262,0.128
-0.0578345068938846,0.74
-0.142184502030008,0.965
-0.0409987771733398,0.677
0.00232783729248553,0.436
0.0635829142419334,0.128
0.0143517805218007,0.356
