"Moran.s.I","p.value"
-0.0258052375653158,0.573
-0.0337375832356732,0.621
-0.0187485627337688,0.534
0.0692684698040216,0.138
-0.0369141750954951,0.653
-0.114482263181184,0.92
-0.148831843186361,0.979
0.0276099360372536,0.297
0.0897705651377775,0.069
-0.11345529195699,0.959
