"Moran.s.I","p.value"
-0.0258052375653158,0.586
-0.0337375832356732,0.615
-0.0187485627337688,0.556
0.0692684698040216,0.143
-0.0369141750954951,0.655
-0.114482263181184,0.937
-0.148831843186361,0.976
0.0276099360372536,0.309
0.0897705651377775,0.077
-0.11345529195699,0.968
